{
    "cameraControls": [
        {
            "animations": [
                [
                    0, 
                    {
                        "label": "upper right", 
                        "r1": 0, 
                        "r2": 45, 
                        "r3": 0, 
                        "x": 4957.91015625, 
                        "y": 3637.910400390625, 
                        "z": 700
                    }
                ], 
                [
                    1, 
                    {
                        "label": "upper left", 
                        "r1": 0, 
                        "r2": 45, 
                        "r3": 0, 
                        "x": 362.089599609375, 
                        "y": 3637.910400390625, 
                        "z": 700
                    }
                ], 
                [
                    2, 
                    {
                        "label": "lower left", 
                        "r1": 0, 
                        "r2": 45, 
                        "r3": 0, 
                        "x": 362.089599609375, 
                        "y": 362.089599609375, 
                        "z": 700
                    }
                ], 
                [
                    3, 
                    {
                        "label": "lower right", 
                        "r1": 0, 
                        "r2": 45, 
                        "r3": 0, 
                        "x": 4957.91015625, 
                        "y": 362.089599609375, 
                        "z": 700
                    }
                ]
            ], 
            "description": "", 
            "timedEvents": [ ]
        }
    ], 
    "hotkeyAnimation": "E", 
    "hotkeyDisplay": "Q", 
    "hotkeyPause": "W"
}