{
    "cameraControls": [
        {
            "animations": [
                [
                    1, 
                    {
                        "label": "-180", 
                        "r1": -3.1415927410125732, 
                        "r2": 45, 
                        "r3": 0, 
                        "x": 4891.80859375, 
                        "y": 3571.80859375, 
                        "z": 700
                    }
                ], 
                [
                    2, 
                    {
                        "label": "-135", 
                        "r1": -2.356194496154785, 
                        "r2": 45, 
                        "r3": 0, 
                        "x": 4891.80859375, 
                        "y": 3571.80859375, 
                        "z": 700
                    }
                ], 
                [
                    3, 
                    {
                        "label": "-90", 
                        "r1": -1.5707963705062866, 
                        "r2": 45, 
                        "r3": 0, 
                        "x": 4891.80859375, 
                        "y": 3571.80859375, 
                        "z": 700
                    }
                ], 
                [
                    4, 
                    {
                        "label": "-45", 
                        "r1": -0.7853981852531433, 
                        "r2": 45, 
                        "r3": 0, 
                        "x": 4891.80859375, 
                        "y": 3571.80859375, 
                        "z": 700
                    }
                ], 
                [
                    5, 
                    {
                        "label": "0", 
                        "r1": 0, 
                        "r2": 45, 
                        "r3": 0, 
                        "x": 4891.80859375, 
                        "y": 3571.80859375, 
                        "z": 700
                    }
                ], 
                [
                    6, 
                    {
                        "label": "45", 
                        "r1": 0.7853981852531433, 
                        "r2": 45, 
                        "r3": 0, 
                        "x": 4891.80859375, 
                        "y": 3571.80859375, 
                        "z": 700
                    }
                ], 
                [
                    7, 
                    {
                        "label": "90", 
                        "r1": 1.5707963705062866, 
                        "r2": 45, 
                        "r3": 0, 
                        "x": 4891.80859375, 
                        "y": 3571.80859375, 
                        "z": 700
                    }
                ], 
                [
                    8, 
                    {
                        "label": "135", 
                        "r1": 2.356194496154785, 
                        "r2": 45, 
                        "r3": 0, 
                        "x": 4891.80859375, 
                        "y": 3571.80859375, 
                        "z": 700
                    }
                ], 
                [
                    9, 
                    {
                        "label": "180", 
                        "r1": 3.1415927410125732, 
                        "r2": 45, 
                        "r3": 0, 
                        "x": 4891.80859375, 
                        "y": 3571.80859375, 
                        "z": 700
                    }
                ]
            ], 
            "description": "", 
            "timedEvents": [ ]
        }
    ], 
    "hotkeyAnimation": "E", 
    "hotkeyDisplay": "Q", 
    "hotkeyPause": "W"
}