{
    "cameraControls": [
        {
            "animations": [
                [
                    4, 
                    {
                        "label": "0xuanzhuan", 
                        "r1": 0, 
                        "r2": 45, 
                        "r3": 0, 
                        "x": 4971.8125, 
                        "y": 3651.8125, 
                        "z": 700
                    }
                ], 
                [
                    5, 
                    {
                        "label": "-180xuanzhuan", 
                        "r1": -3.1415927410125732, 
                        "r2": 45, 
                        "r3": 0, 
                        "x": 4971.8125, 
                        "y": 3651.8125, 
                        "z": 700
                    }
                ], 
                [
                    6, 
                    {
                        "label": "180xuanzhuan", 
                        "r1": 3.1415927410125732, 
                        "r2": 45, 
                        "r3": 0, 
                        "x": 4971.8125, 
                        "y": 3651.8125, 
                        "z": 700
                    }
                ], 
                [
                    7, 
                    {
                        "label": "200gaodu", 
                        "r1": 0, 
                        "r2": 45, 
                        "r3": 0, 
                        "x": 4998.44921875, 
                        "y": 3678.448974609375, 
                        "z": 200
                    }
                ]
            ], 
            "description": "", 
            "timedEvents": [ ]
        }
    ], 
    "hotkeyAnimation": "E", 
    "hotkeyDisplay": "Q", 
    "hotkeyPause": "W"
}